id,first_name,last_name,email,gender,ip_address
1,,Bolduc,,Female,31.66.148.80
2,Matteo,Boag,,Male,99.150.38.63
3,Fernando,Snookes,fsnookes2@1688.com,Male,165.40.204.136
4,Larine,Ragge,lragge3@angelfire.com,Female,132.239.65.109
5,Bryanty,Mackriell,bmackriell4@google.de,Male,137.26.140.32
6,Anneliese,Litterick,alitterick5@aol.com,Female,222.178.124.240
7,Dalli,Stiggles,dstiggles6@washington.edu,Male,132.129.106.73
8,,Jedrychowski,,Male,90.41.84.15
9,Cordelia,Kubacki,ckubacki8@yale.edu,Female,98.16.221.169
10,Gabbie,Edmonston,gedmonston9@github.com,Male,224.18.124.39
11,Jackqueline,Godehard.sf,jgodehardsfa@dell.com,Non-binary,132.173.89.93
12,Jenica,Skelton,jskeltonb@ftc.gov,Female,191.84.163.194
13,Raynor,Hacket,rhacketc@w3.org,Male,241.135.244.207
14,,De Vaux,adevauxd@cmu.edu,Non-binary,60.167.54.179
15,Raddie,Bottjer,rbottjere@jimdo.com,Male,129.136.244.197
16,Rafael,Treat,rtreatf@netvibes.com,Male,134.141.104.46
17,Mason,Haggish,mhaggishg@meetup.com,Male,250.159.246.64
18,Farley,Minors,fminorsh@reverbnation.com,Male,160.154.222.7
19,Hilliard,Corsor,hcorsori@behance.net,Male,144.237.163.103
20,Rea,O'Gaven,rogavenj@github.io,Female,8.23.217.75
21,Moina,Meeke,mmeekek@jiathis.com,Female,99.129.195.65
22,Georgina,Estcot,gestcotl@yandex.ru,Female,23.225.149.65
23,Izabel,O'Lunny,iolunnym@harvard.edu,Female,38.183.0.65
24,Leroi,Blaskett,lblaskettn@macromedia.com,Male,103.166.135.11
25,,Pogue,mpogueo@thetimes.co.uk,Male,112.149.113.0
26,,Gietz,kgietzp@mtv.com,Male,190.191.176.103
27,Merwin,Delleschi,,Male,62.192.44.244
28,Eulalie,Cullerne,ecullerner@omniture.com,Female,111.232.132.51
29,Rori,Feetham,rfeethams@weibo.com,Female,53.243.183.241
30,Dennet,Trazzi,dtrazzit@hugedomains.com,Male,142.227.95.235
31,Tobit,Winridge,twinridgeu@oaic.gov.au,Male,31.87.139.207
32,Hayley,Wyson,hwysonv@ucsd.edu,Female,136.181.203.140
33,Corbett,Grayley,cgrayleyw@sohu.com,Male,27.10.208.230
34,Brigitta,Houchen,bhouchenx@microsoft.com,Female,110.190.77.187
35,Albert,Gregoletti,agregolettiy@arizona.edu,Male,90.96.55.246
36,Karita,Farthing,kfarthingz@redcross.org,Female,136.216.218.178
37,Netti,Silbersak,nsilbersak10@nbcnews.com,Female,11.76.199.155
38,,Wanne,jwanne11@networksolutions.com,Male,56.68.78.227
39,Lib,Whittlesey,lwhittlesey12@amazonaws.com,Female,247.27.186.205
40,,Janca,fjanca13@ycombinator.com,Male,254.140.103.39
41,Hilarius,Hugues,hhugues14@chronoengine.com,Male,253.83.26.240
42,Lem,Hudspith,lhudspith15@si.edu,Male,182.188.21.38
43,Beverly,Rosson,brosson16@cdbaby.com,Female,234.22.125.102
44,,Clemensen,mclemensen17@dmoz.org,Female,70.6.94.162
45,Nickolai,Dolman,ndolman18@1688.com,Male,235.197.221.76
46,Colas,Kintish,ckintish19@domainmarket.com,Bigender,61.54.134.107
47,Roxana,Proudman,rproudman1a@miibeian.gov.cn,Female,54.229.242.61
48,Cristy,Fitton,cfitton1b@google.com.au,Female,128.62.97.163
49,,Hellewell,ahellewell1c@cafepress.com,Female,199.177.194.186
50,Ceciley,Rumsey,crumsey1d@unicef.org,Female,162.172.70.54
51,Sella,Lethibridge,slethibridge1e@illinois.edu,Female,110.18.10.148
52,Cody,McMickan,cmcmickan1f@gizmodo.com,Female,128.122.104.41
53,Josephine,Mabson,jmabson1g@wiley.com,Female,240.44.160.226
54,Webb,Rankin,wrankin1h@pagesperso-orange.fr,Male,217.75.52.102
55,Cyrus,Kivelhan,ckivelhan1i@slideshare.net,Male,53.228.72.99
56,Mariquilla,Clifforth,mclifforth1j@e-recht24.de,Female,164.52.177.228
57,,Klesel,dklesel1k@fda.gov,Genderqueer,148.131.163.85
58,Kerk,Luscott,kluscott1l@1688.com,Male,11.127.68.206
59,,Drever,ldrever1m@yelp.com,Female,218.66.30.220
60,Mandel,Gell,mgell1n@sciencedirect.com,Male,181.90.202.16
61,Bern,Bedbrough,bbedbrough1o@example.com,Male,169.182.95.235
62,Constanta,Gregine,,Female,167.45.74.38
63,Andonis,Banks,abanks1q@oaic.gov.au,Male,70.87.148.72
64,Thain,Slarke,tslarke1r@pagesperso-orange.fr,Male,216.119.47.67
65,Alyssa,Ellwand,aellwand1s@forbes.com,Female,126.205.153.37
66,Riccardo,Geddis,rgeddis1t@flickr.com,Male,189.173.233.126
67,Clare,Battersby,cbattersby1u@engadget.com,Male,56.232.113.1
68,,Davydochkin,wdavydochkin1v@paypal.com,Bigender,223.193.189.30
69,,Leverett,lleverett1w@bluehost.com,Male,177.57.92.90
70,Gerrie,Seifert,gseifert1x@bloglines.com,Bigender,235.228.90.161
71,Pennie,Skillett,pskillett1y@hp.com,Male,60.53.156.73
72,Stephi,Dyte,sdyte1z@csmonitor.com,Female,162.17.35.109
73,Aron,Ketchell,aketchell20@yolasite.com,Male,228.251.127.251
74,Robinet,Taillant,,Female,53.33.91.58
75,Leupold,Wymer,lwymer22@liveinternet.ru,Bigender,237.144.188.2
76,,Ciccone,mciccone23@youku.com,Male,161.183.139.247
77,Kathryn,Aronow,karonow24@bravesites.com,Female,157.128.59.254
78,Reynolds,Coon,,Male,172.195.136.161
79,Muffin,Terrell,mterrell26@blogs.com,Female,63.255.113.101
80,Kenon,Rosenfelder,,Male,150.131.72.2
81,Miguel,Novello,mnovello28@samsung.com,Male,222.243.153.164
82,,Halfacree,whalfacree29@amazon.de,Male,58.9.21.20
83,Candis,Cranke,ccranke2a@dropbox.com,Female,88.225.167.137
84,Terrance,Ferdinand,tferdinand2b@techcrunch.com,Male,140.185.188.95
85,Nil,Nehls,nnehls2c@printfriendly.com,Male,254.44.188.30
86,Thomasa,Mansuer,tmansuer2d@odnoklassniki.ru,Female,190.106.160.24
87,Mord,Jeeks,mjeeks2e@nba.com,Polygender,57.245.97.70
88,Dorry,Sokell,dsokell2f@ox.ac.uk,Female,13.172.245.85
89,Aubrey,Jovic,ajovic2g@thetimes.co.uk,Female,36.173.21.134
90,Lenard,Goodfellow,lgoodfellow2h@opera.com,Male,12.79.138.170
91,Bobbette,O' Flaherty,boflaherty2i@wiley.com,Female,45.122.99.15
92,Caye,Cords,ccords2j@w3.org,Female,212.39.74.36
93,Shela,Leathe,,Agender,130.211.5.87
94,,Spollen,sspollen2l@is.gd,Male,109.51.92.180
95,Auria,Friar,afriar2m@tinypic.com,Female,254.187.156.252
96,Maryanna,Rudham,mrudham2n@mozilla.org,Female,144.21.176.229
97,Calida,Reburn,creburn2o@boston.com,Female,43.206.73.195
98,Casey,Weaver,cweaver2p@cornell.edu,Female,170.117.208.4
99,,Spirritt,vspirritt2q@dagondesign.com,Agender,92.241.249.48
100,Matias,Betonia,mbetonia2r@bluehost.com,Male,127.115.252.118
